name;link
Xadrez Verbal Podcast #222 – EUA, El Salvador e Europa ;https://xadrezverbal.com/2020/02/15/xadrez-verbal-podcast-222-eua-el-salvador-e-europa/
Xadrez Verbal Podcast #221 – Fim do Brexit e do impeachment de Trump ;https://xadrezverbal.com/2020/02/08/xadrez-verbal-podcast-221-fim-do-brexit-e-do-impeachment-de-trump/
Xadrez Verbal Podcast #220 – Europa, América Latina e paz de Trump ;https://xadrezverbal.com/2020/01/31/xadrez-verbal-podcast-220-europa-america-latina-e-paz-de-trump/
Xadrez Verbal Podcast #219 – Europa, Oriente Médio e Isabel dos Santos ;https://xadrezverbal.com/2020/01/25/xadrez-verbal-podcast-219-europa-oriente-medio-e-isabel-dos-santos/
Xadrez Verbal Podcast #218 – Virada de 2019 para 2020 ;https://xadrezverbal.com/2020/01/18/xadrez-verbal-podcast-218-virada-de-2019-para-2020/
Xadrez Verbal Podcast #217 – Oriente Médio no início de 2020 ;https://xadrezverbal.com/2020/01/10/xadrez-verbal-podcast-217-oriente-medio-no-inicio-de-2020/
Xadrez Verbal Podcast #216 – Argentina, Reino Unido e Bougainville ;https://xadrezverbal.com/2019/12/14/xadrez-verbal-podcast-216-argentina-reino-unido-e-bougainville/
Xadrez Verbal Podcast #215 – Coreia, América Latina e OTAN ;https://xadrezverbal.com/2019/12/07/xadrez-verbal-podcast-215-coreia-america-latina-e-otan/
Xadrez Verbal Podcast #214 – EUA, Hong Kong e Uruguai ;https://xadrezverbal.com/2019/11/30/xadrez-verbal-podcast-214-eua-hong-kong-e-uruguai/
Xadrez Verbal Podcast #213 – Israel, EUA e América Latina ;https://xadrezverbal.com/2019/11/23/xadrez-verbal-podcast-213-israel-eua-e-america-latina/
Xadrez Verbal Podcast #212 – Espanha, BRICS e Bolívia ;https://xadrezverbal.com/2019/11/15/xadrez-verbal-podcast-212-espanha-brics-e-bolivia/
Xadrez Verbal Podcast #211 – Um giro de notícias pelo mundo ;https://xadrezverbal.com/2019/11/09/xadrez-verbal-podcast-211-um-giro-de-noticias-pelo-mundo/
Xadrez Verbal Podcast #210 – Argentina, Brasil e Oriente Médio ;https://xadrezverbal.com/2019/11/01/xadrez-verbal-podcast-210-argentina-brasil-e-oriente-medio/
Xadrez Verbal Podcast #209 – Europa e protestos pelo mundo ;https://xadrezverbal.com/2019/10/26/xadrez-verbal-podcast-209-europa-e-protestos-pelo-mundo/
Xadrez Verbal Podcast #208 – Síria, Europa e América Latina ;https://xadrezverbal.com/2019/10/18/xadrez-verbal-podcast-208-siria-europa-e-america-latina/
Xadrez Verbal Podcast #207 – Florencia Guarche, Equador e EUA-China ;https://xadrezverbal.com/2019/10/12/xadrez-verbal-podcast-207-florencia-guarche-equador-e-eua-china/
Xadrez Verbal Podcast #206 – Assembleia Geral da ONU, Peru e Equador ;https://xadrezverbal.com/2019/10/05/xadrez-verbal-podcast-206-assembleia-geral-da-onu-peru-e-equador/
Xadrez Verbal Podcast #205 – Bolsonaro na ONU, impeachment e Forte 2019 ;https://xadrezverbal.com/2019/09/27/xadrez-verbal-podcast-205-bolsonaro-na-onu-impeachment-e-forte-2019/
Xadrez Verbal Podcast #204 – John Bolton, Brexit e Venezuela ;https://xadrezverbal.com/2019/09/14/xadrez-verbal-podcast-204-john-bolton-brexit-e-venezuela/
Xadrez Verbal Podcast #203 – Europa, Brexit e Oriente Médio ;https://xadrezverbal.com/2019/09/07/xadrez-verbal-podcast-203-europa-brexit-e-oriente-medio/
Xadrez Verbal Podcast #202 – Brexit, Amazônia e Argentina ;https://xadrezverbal.com/2019/08/31/xadrez-verbal-podcast-202-brexit-amazonia-e-argentina/
Xadrez Verbal Podcast #201 – Amazônia, América Latina e Europa ;https://xadrezverbal.com/2019/08/24/xadrez-verbal-podcast-201-amazonia-america-latina-e-europa/
Xadrez Verbal Podcast #200 – Argentina, Coreia e Europa ;https://xadrezverbal.com/2019/08/17/xadrez-verbal-podcast-200-argentina-coreia-e-europa/
Xadrez Verbal Podcast #199 – Caxemira, Itaipu e EUA – Pacífico ;https://xadrezverbal.com/2019/08/10/xadrez-verbal-podcast-199-caxemira-itaipu-e-eua-pacifico/
Xadrez Verbal Podcast #198 – Paraguai, Brexit e EUA-China ;https://xadrezverbal.com/2019/08/03/xadrez-verbal-podcast-198-paraguai-brexit-e-eua-china/
Xadrez Verbal Podcast #197 – Porto Rico, Ásia e Europa ;https://xadrezverbal.com/2019/07/27/xadrez-verbal-podcast-197-porto-rico-asia-e-europa/
Xadrez Verbal Podcast #196 – Oriente Médio, Ásia e MERCOSUL ;https://xadrezverbal.com/2019/07/20/xadrez-verbal-podcast-196-oriente-medio-asia-e-mercosul/
Xadrez Verbal Podcast #195 – Radiação submarina, Grécia e Brasil ;https://xadrezverbal.com/2019/07/13/xadrez-verbal-podcast-195-radiacao-submarina-grecia-e-brasil/
Xadrez Verbal Podcast #194 – Europa, G-20, Coreia e acordo no Sudão ;https://xadrezverbal.com/2019/07/06/xadrez-verbal-podcast-194-europa-g-20-coreia-e-acordo-no-sudao/
Xadrez Verbal Podcast #193 – G20 2019, Europa e América Latina ;https://xadrezverbal.com/2019/06/29/xadrez-verbal-podcast-193-g20-2019-europa-e-america-latina/
Xadrez Verbal Podcast #192 – Drone no Irã, Europa e América Latina ;https://xadrezverbal.com/2019/06/22/xadrez-verbal-podcast-192-drone-no-ira-europa-e-america-latina/
Xadrez Verbal Podcast #191 – Hong Kong, Europa e América Latina ;https://xadrezverbal.com/2019/06/14/xadrez-verbal-podcast-191-hong-kong-europa-e-america-latina/
Xadrez Verbal Podcast #190 – Peso Real, Europa e relações árabes ;https://xadrezverbal.com/2019/06/08/xadrez-verbal-podcast-190-peso-real-europa-e-relacoes-arabes/
Xadrez Verbal Podcast #189 – Eleições europeias ;https://xadrezverbal.com/2019/05/31/xadrez-verbal-podcast-189-eleicoes-europeias/
Xadrez Verbal Podcast #188 – Theresa May, Índia e eleições na Austrália ;https://xadrezverbal.com/2019/05/25/xadrez-verbal-podcast-188-theresa-may-india-e-eleicoes-na-australia/
Xadrez Verbal Podcast #187 – Potências, Venezuela e Golfo Pérsico ;https://xadrezverbal.com/2019/05/17/xadrez-verbal-podcast-187-potencias-venezuela-e-golfo-persico/
Xadrez Verbal Podcast #186 – Irã, América Latina e giro pela Ásia ;https://xadrezverbal.com/2019/05/11/xadrez-verbal-podcast-186-ira-america-latina-e-giro-pela-asia/
Xadrez Verbal Podcast #185 – EUA, Venezuela e eleições na Espanha ;https://xadrezverbal.com/2019/05/04/xadrez-verbal-podcast-185-eua-venezuela-e-eleicoes-na-espanha/
Xadrez Verbal Podcast #184 – Ucrânia, Sri Lanka e Kim com Putin ;https://xadrezverbal.com/2019/04/27/xadrez-verbal-podcast-184-ucrania-sri-lanka-e-kim-com-putin/
Xadrez Verbal Podcast #183 – EUA, Notre Dame e Peru ;https://xadrezverbal.com/2019/04/19/xadrez-verbal-podcast-183-eua-notre-dame-e-peru/
Xadrez Verbal Podcast #182 – Sudão, caso Assange e eleições em Israel ;https://xadrezverbal.com/2019/04/13/xadrez-verbal-podcast-182-sudao-caso-assange-e-eleicoes-em-israel/
Xadrez Verbal Podcast #181 – Bolsonaro em Israel e eleições pelo mundo ;https://xadrezverbal.com/2019/04/06/xadrez-verbal-podcast-181-bolsonaro-em-israel-e-eleicoes-pelo-mundo/
Xadrez Verbal Podcast #180 – Brexit, colinas de Golã e China-Europa ;https://xadrezverbal.com/2019/03/29/xadrez-verbal-podcast-180-brexit-colinas-de-gola-e-china-europa/
Xadrez Verbal Podcast #179 – Bolsonaro e Trump ;https://xadrezverbal.com/2019/03/23/xadrez-verbal-podcast-179-bolsonaro-e-trump/
Xadrez Verbal Podcast #178 – Oriente Médio, Brexit e Bolsonaro nos EUA ;https://xadrezverbal.com/2019/03/15/xadrez-verbal-podcast-178-oriente-medio-brexit-e-bolsonaro-nos-eua/
Xadrez Verbal Podcast #177 – Eleições na Estônia, EUA e América Latina ;https://xadrezverbal.com/2019/03/09/xadrez-verbal-podcast-177-eleicoes-na-estonia-eua-e-america-latina/
Xadrez Verbal Podcast #176 – Caxemira, Venezuela e Trump com Kim ;https://xadrezverbal.com/2019/03/02/xadrez-verbal-podcast-176-caxemira-venezuela-e-trump-com-kim/
Xadrez Verbal Podcast #175 – EUA, Espanha e Venezuela ;https://xadrezverbal.com/2019/02/23/xadrez-verbal-podcast-175-eua-espanha-e-venezuela/
Xadrez Verbal Podcast #174 – State of the Union, Venezuela e Europa ;https://xadrezverbal.com/2019/02/08/xadrez-verbal-podcast-174-state-of-the-union-venezuela-e-europa/
Xadrez Verbal Podcast #173 – Emendas do Brexit, EUA e Venezuela ;https://xadrezverbal.com/2019/02/01/xadrez-verbal-podcast-173-emendas-do-brexit-eua-e-venezuela/
Xadrez Verbal Podcast #172 – Venezuela, Brasil em Davos e Europa ;https://xadrezverbal.com/2019/01/25/xadrez-verbal-podcast-172-venezuela-brasil-em-davos-e-europa/
Xadrez Verbal Podcast #171 – O mundo inteiro na volta das férias! ;https://xadrezverbal.com/2019/01/19/xadrez-verbal-podcast-171-o-mundo-inteiro-na-volta-das-ferias/
Xadrez Verbal Podcast #170 – Relações EUA-Cuba, Síria e América Latina ;https://xadrezverbal.com/2018/12/21/xadrez-verbal-podcast-170-relacoes-eua-cuba-siria-e-america-latina/
Xadrez Verbal Podcast #169 – Armênia, Brexit e casos de espionagem ;https://xadrezverbal.com/2018/12/15/xadrez-verbal-podcast-169-armenia-brexit-e-casos-de-espionagem/
Xadrez Verbal Podcast #168 – G-20, França e Oriente Médio ;https://xadrezverbal.com/2018/12/07/xadrez-verbal-podcast-168-g-20-franca-e-oriente-medio/
Xadrez Verbal Podcast #167 – Jeff Nascimento, G20 e América Latina ;https://xadrezverbal.com/2018/11/30/xadrez-verbal-podcast-167-jeff-nascimento-g20-e-america-latina/
Xadrez Verbal Podcast #166 – Chanceler no Brasil, Ásia e Brexit ;https://xadrezverbal.com/2018/11/24/xadrez-verbal-podcast-166-chanceler-no-brasil-asia-e-brexit/
Xadrez Verbal Podcast #165 – Eleição nos EUA, referendos e América Latina ;https://xadrezverbal.com/2018/11/10/xadrez-verbal-podcast-165-eleicao-nos-eua-referendos-e-america-latina/
Xadrez Verbal Podcast #164 – Bolsonaro no Brasil, sul da Ásia e EUA ;https://xadrezverbal.com/2018/11/02/xadrez-verbal-podcast-164-bolsonaro-no-brasil-sul-da-asia-e-eua/
Xadrez Verbal Podcast #163 – Caso Khashoggi, Extremo Oriente e EUA ;https://xadrezverbal.com/2018/10/27/xadrez-verbal-podcast-163-caso-khashoggi-extremo-oriente-e-eua/
Xadrez Verbal Podcast #162 – Sauditas e América Latina ;https://xadrezverbal.com/2018/10/19/xadrez-verbal-podcast-162-sauditas-e-america-latina/
Xadrez Verbal Podcast #161 – Arábia Saudita, América Latina e Oriente ;https://xadrezverbal.com/2018/10/12/xadrez-verbal-podcast-161-arabia-saudita-america-latina-e-oriente/
Xadrez Verbal Podcast #160 – Macedônia, América Latina e 73ª AGNU ;https://xadrezverbal.com/2018/10/05/xadrez-verbal-podcast-160-macedonia-america-latina-e-73a-agnu/
Xadrez Verbal Podcast #159 – 73ª Assembleia Geral da ONU ;https://xadrezverbal.com/2018/09/28/xadrez-verbal-podcast-159-73a-assembleia-geral-da-onu/
Xadrez Verbal Podcast #158 – Coreia, Venezuela e Oriente Médio ;https://xadrezverbal.com/2018/09/21/xadrez-verbal-podcast-158-coreia-venezuela-e-oriente-medio/
Xadrez Verbal Podcast #157 – Europa, América Latina e países bálticos ;https://xadrezverbal.com/2018/09/14/xadrez-verbal-podcast-157-europa-america-latina-e-paises-balticos/
Xadrez Verbal Podcast #156 – EUA, América Latina e o Museu Nacional ;https://xadrezverbal.com/2018/09/07/xadrez-verbal-podcast-156-eua-america-latina-e-o-museu-nacional/
Xadrez Verbal Podcast #155 – Nafta, África e Europa ;https://xadrezverbal.com/2018/08/31/xadrez-verbal-podcast-155-nafta-africa-e-europa/
Xadrez Verbal Podcast #154 – Venezuelanos no Brasil, França e EUA ;https://xadrezverbal.com/2018/08/24/xadrez-verbal-podcast-154-venezuelanos-no-brasil-franca-e-eua/
Xadrez Verbal Podcast #153 – Turquia, Mar Cáspio e América Latina ;https://xadrezverbal.com/2018/08/17/xadrez-verbal-podcast-153-turquia-mar-caspio-e-america-latina/
Xadrez Verbal Podcast #152 – Venezuela, Oriente Médio e América Latina ;https://xadrezverbal.com/2018/08/10/xadrez-verbal-podcast-152-venezuela-oriente-medio-e-america-latina/
Xadrez Verbal Podcast #151 – Paquistão, EUA, África e BRICS ;https://xadrezverbal.com/2018/08/03/xadrez-verbal-podcast-151-paquistao-eua-africa-e-brics/
Xadrez Verbal Podcast #150 – Israel, América Latina e cúpula Trump-Putin ;https://xadrezverbal.com/2018/07/20/xadrez-verbal-podcast-150-israel-america-latina-e-cupula-trump-putin/
Xadrez Verbal Podcast #149 – OTAN, Ásia e paz entre Etiópia e Eritreia ;https://xadrezverbal.com/2018/07/13/xadrez-verbal-podcast-149-otan-asia-e-paz-entre-etiopia-e-eritreia/
Xadrez Verbal Podcast #148 – México, Europa e caso Vladimir Herzog ;https://xadrezverbal.com/2018/07/06/xadrez-verbal-podcast-148-mexico-europa-e-caso-vladimir-herzog/
Xadrez Verbal Podcast #147 – Eleições na Turquia, Europa e América Latina ;https://xadrezverbal.com/2018/06/29/xadrez-verbal-podcast-147-eleicoes-na-turquia-europa-e-america-latina/
Xadrez Verbal Podcast #146 – EUA, Colômbia e eleição na Turquia ;https://xadrezverbal.com/2018/06/22/xadrez-verbal-podcast-146-eua-colombia-e-eleicao-na-turquia/
Xadrez Verbal Podcast #145 – EUA, G7 e cúpula Trump-Kim ;https://xadrezverbal.com/2018/06/15/xadrez-verbal-podcast-144-eua-g7-e-cupula-trump-kim/
Xadrez Verbal Podcast #144 – Oriente Médio, América Latina e G7 ;https://xadrezverbal.com/2018/06/08/xadrez-verbal-podcast-144-oriente-medio-america-latina-e-g7/
Xadrez Verbal Podcast #143 – Oriente Médio, Colômbia e Europa ;https://xadrezverbal.com/2018/06/01/xadrez-verbal-podcast-143-oriente-medio-colombia-e-europa/
Xadrez Verbal Podcast #142 – Venezuela, Coreia e modais de transporte ;https://xadrezverbal.com/2018/05/25/xadrez-verbal-podcast-142-venezuela-coreia-e-modais-de-transporte/
Xadrez Verbal Podcast #141 – Coreia, Oriente Médio e América Latina ;https://xadrezverbal.com/2018/05/18/xadrez-verbal-podcast-141-coreia-oriente-medio-e-america-latina/
Xadrez Verbal Podcast #140 – Armênia, América Latina e Irã ;https://xadrezverbal.com/2018/05/11/xadrez-verbal-podcast-140-armenia-america-latina-e-ira/
Xadrez Verbal Podcast #139 – Tanguy Baghdadi, América Latina e Coreia ;https://xadrezverbal.com/2018/05/04/xadrez-verbal-podcast-139-tanguy-baghdadi-america-latina-e-coreia/
Xadrez Verbal Podcast #138 – Macron nos EUA, América Latina e Coreias ;https://xadrezverbal.com/2018/04/27/xadrez-verbal-podcast-138-macron-nos-eua-america-latina-e-coreias/
Xadrez Verbal Podcast #137 – Síria, Coreias e América Latina ;https://xadrezverbal.com/2018/04/20/xadrez-verbal-podcast-137-siria-coreias-e-america-latina/
Xadrez Verbal Podcast #136 – Síria, Europa e Cúpula das Américas ;https://xadrezverbal.com/2018/04/13/xadrez-verbal-podcast-136-siria-europa-e-cupula-das-americas/
Xadrez Verbal Podcast #135 – América Latina, Oriente Médio e potências ;https://xadrezverbal.com/2018/04/06/xadrez-verbal-podcast-135-america-latina-oriente-medio-e-potencias/
Xadrez Verbal Podcast #134 – Europa, Oriente Médio e Peru ;https://xadrezverbal.com/2018/03/23/xadrez-verbal-podcast-134-europa-oriente-medio-e-peru/
Xadrez Verbal Podcast #133 – EUA, América Latina e relações Rússia-Europa ;https://xadrezverbal.com/2018/03/16/xadrez-verbal-podcast-133-eua-america-latina-e-relacoes-russia-europa/
Xadrez Verbal Podcast #132 – EUA, Itália e Coreia ;https://xadrezverbal.com/2018/03/09/xadrez-verbal-podcast-132-eua-italia-e-coreia/
Xadrez Verbal Podcast #131 – EUA, Europa e América Latina ;https://xadrezverbal.com/2018/03/02/xadrez-verbal-podcast-131-eua-europa-e-america-latina/
Xadrez Verbal Podcast #130 – América Latina, Síria e Europa ;https://xadrezverbal.com/2018/02/23/xadrez-verbal-podcast-130-america-latina-siria-e-europa/
Xadrez Verbal Podcast #129 – Oriente Médio, África e EUA ;https://xadrezverbal.com/2018/02/16/xadrez-verbal-podcast-129-oriente-medio-africa-e-eua/
Xadrez Verbal Podcast #128 – América Latina, África do Sul e Coreia ;https://xadrezverbal.com/2018/02/09/xadrez-verbal-podcast-128-america-latina-africa-do-sul-e-coreia/
Xadrez Verbal Podcast #127 – EUA, Polônia e América Latina ;https://xadrezverbal.com/2018/02/02/xadrez-verbal-podcast-127-eua-polonia-e-america-latina/
Xadrez Verbal Podcast #126 – Rio Nilo, Oriente Médio e América Latina ;https://xadrezverbal.com/2018/01/26/xadrez-verbal-podcast-126-rio-nilo-oriente-medio-e-america-latina/
Xadrez Verbal Podcast #125 – Início de 2018 ;https://xadrezverbal.com/2018/01/19/xadrez-verbal-podcast-125-inicio-de-2018/
Xadrez Verbal Podcast #124 – Monique Goldfeld, alt-right e América Latina ;https://xadrezverbal.com/2017/12/22/xadrez-verbal-podcast-124-monique-goldfeld-alt-right-e-america-latina/
Xadrez Verbal Podcast #123 – Jerusalém, neutralidade na rede e TPI ;https://xadrezverbal.com/2017/12/15/xadrez-verbal-podcast-123-jerusalem-neutralidade-na-rede-e-tpi/
Xadrez Verbal Podcast #322 – América Latina, Europa e Oriente Médio ;https://xadrezverbal.com/2023/01/28/xadrez-verbal-podcast-322-america-latina-europa-e-oriente-medio/
Xadrez Verbal Podcast #321 – África, Europa e Pacífico ;https://xadrezverbal.com/2023/01/21/xadrez-verbal-podcast-321-africa-europa-e-pacifico/
Xadrez Verbal Podcast #320 – Início de 2023 ;https://xadrezverbal.com/2023/01/14/xadrez-verbal-podcast-320-inicio-de-2023/
Xadrez Verbal Podcast #319 – Golpe no Peru, Europa e Copa ;https://xadrezverbal.com/2022/12/10/xadrez-verbal-podcast-319-golpe-no-peru-europa-e-copa/
Xadrez Verbal Podcast #318 – Protestos na China, Europa e Copa ;https://xadrezverbal.com/2022/12/03/xadrez-verbal-podcast-318-protestos-na-china-europa-e-copa/
Xadrez Verbal Podcast #317 – COP27, G20 e Copa do Mundo ;https://xadrezverbal.com/2022/11/26/xadrez-verbal-podcast-317-cop27-g20-e-copa-do-mundo/
Xadrez Verbal Podcast #316 – COP27, Europa e midterms ;https://xadrezverbal.com/2022/11/12/xadrez-verbal-podcast-316-cop27-europa-e-midterms/
Xadrez Verbal Podcast #315 – Lula, Europa e Pacífico ;https://xadrezverbal.com/2022/11/04/xadrez-verbal-podcast-315-lula-europa-e-pacifico/
Xadrez Verbal Podcast #314 – Oriente Médio, Pacífico e Europa ;https://xadrezverbal.com/2022/10/29/xadrez-verbal-podcast-314-oriente-medio-pacifico-e-europa/
Xadrez Verbal Podcast #313 – Jerusalém, China e alface britânica ;https://xadrezverbal.com/2022/10/21/xadrez-verbal-podcast-313-jerusalem-china-e-alface-britanica/
Xadrez Verbal Podcast #312 – Ponte, Pacífico e Oriente Médio ;https://xadrezverbal.com/2022/10/15/xadrez-verbal-podcast-312-ponte-pacifico-e-oriente-medio/
Xadrez Verbal Podcast #311 – África, Pacífico e anexações ;https://xadrezverbal.com/2022/10/08/xadrez-verbal-podcast-311-africa-pacifico-e-anexacoes/
Xadrez Verbal Podcast #310 – Irã e 77ª Assembleia Geral da ONU ;https://xadrezverbal.com/2022/09/27/xadrez-verbal-podcast-310-ira-e-77a-assembleia-geral-da-onu/
Xadrez Verbal Podcast #309 – Pacto de Xangai, Cáucaso e AL ;https://xadrezverbal.com/2022/09/17/xadrez-verbal-podcast-309-pacto-de-xangai-caucaso-e-al/
Xadrez Verbal Podcast #308 – Chile e Elizabeth II ;https://xadrezverbal.com/2022/09/10/xadrez-verbal-podcast-308-chile-e-elizabeth-ii/
Xadrez Verbal Podcast #307 – Uigures, América Latina e Europa ;https://xadrezverbal.com/2022/09/03/xadrez-verbal-podcast-307-uigures-america-latina-e-europa/
Xadrez Verbal Podcast #306 – África, Pacífico e Europa ;https://xadrezverbal.com/2022/08/27/xadrez-verbal-podcast-306-africa-pacifico-e-europa/
Xadrez Verbal Podcast #305 – Dose dupla! ;https://xadrezverbal.com/2022/08/19/xadrez-verbal-podcast-305-dose-dupla/
Xadrez Verbal Podcast #304 – África, Europa e Pacífico ;https://xadrezverbal.com/2022/08/06/xadrez-verbal-podcast-304-africa-europa-e-pacifico/
Xadrez Verbal Podcast #303 – Economia mundial ;https://xadrezverbal.com/2022/07/30/xadrez-verbal-podcast-303-economia-mundial/
Xadrez Verbal Podcast #302 – Oriente Médio, Ucrânia e Pacífico ;https://xadrezverbal.com/2022/07/23/xadrez-verbal-podcast-302-oriente-medio-ucrania-e-pacifico/
Xadrez Verbal Podcast #301 – Sri Lanka, Europa e Pacífico ;https://xadrezverbal.com/2022/07/16/xadrez-verbal-podcast-301-sri-lanka-europa-e-pacifico/
Xadrez Verbal Podcast #300 – África, Ásia e renúncia de Boris Johnson ;https://xadrezverbal.com/2022/07/09/xadrez-verbal-podcast-300-africa-asia-e-renuncia-de-boris-johnson/
Xadrez Verbal Podcast #299 – Ignácio Ibáñez e cúpulas do G7 e da OTAN ;https://xadrezverbal.com/2022/07/02/xadrez-verbal-podcast-299-ignacio-ibanez-e-cupulas-do-g7-e-da-otan/
Xadrez Verbal Podcast #298 – Retorno do hiato ;https://xadrezverbal.com/2022/06/25/xadrez-verbal-podcast-298-retorno-do-hiato/
Xadrez Verbal Podcast #297 – Oriente Médio, Europa e Pacífico ;https://xadrezverbal.com/2022/06/04/xadrez-verbal-podcast-297-oriente-medio-europa-e-pacifico/
Xadrez Verbal Podcast #296 – Oriente Médio, Europa e Pacífico ;https://xadrezverbal.com/2022/05/27/xadrez-verbal-podcast-296-oriente-medio-europa-e-pacifico/
Xadrez Verbal Podcast #295 – Eurovision, Pacífico e Oriente Médio ;https://xadrezverbal.com/2022/05/21/xadrez-verbal-podcast-295-eurovision-pacifico-e-oriente-medio/
Xadrez Verbal Podcast #294 – Ásia, Europa e América Latina ;https://xadrezverbal.com/2022/05/14/xadrez-verbal-podcast-294-asia-europa-e-america-latina/
Xadrez Verbal Podcast #293 – Roe vs Wade, Ucrânia e Europa ;https://xadrezverbal.com/2022/05/07/xadrez-verbal-podcast-293-roe-vs-wade-ucrania-e-europa/
Xadrez Verbal Podcast #292 – França, Ucrânia e Pacífico ;https://xadrezverbal.com/2022/04/30/xadrez-verbal-podcast-292-franca-ucrania-e-pacifico/
Xadrez Verbal Podcast #291 – Guerra na Ucrânia, Europa e Pacífico ;https://xadrezverbal.com/2022/04/23/xadrez-verbal-podcast-291-guerra-na-ucrania-europa-e-pacifico/
Xadrez Verbal Podcast #290 – Cruzador Moskva, Europa e Pacífico ;https://xadrezverbal.com/2022/04/15/xadrez-verbal-podcast-290-cruzador-moskva-europa-e-pacifico/
Xadrez Verbal Podcast #289 – Oriente Médio, Pacífico e Bucha ;https://xadrezverbal.com/2022/04/09/xadrez-verbal-podcast-289-oriente-medio-pacifico-e-bucha/
Xadrez Verbal Podcast #288 – Ucrânia, eleições e Pacífico ;https://xadrezverbal.com/2022/04/02/xadrez-verbal-podcast-288-ucrania-eleicoes-e-pacifico/
Xadrez Verbal Podcast #287 – Ucrânia, míssil coreano e Etiópia ;https://xadrezverbal.com/2022/03/26/xadrez-verbal-podcast-287-ucrania-missil-coreano-e-etiopia/
Xadrez Verbal Podcast #286 – Guerra na Ucrânia e giro no Pacífico ;https://xadrezverbal.com/2022/03/19/xadrez-verbal-podcast-286-guerra-na-ucrania-e-giro-no-pacifico/
Xadrez Verbal Podcast #285 – Negociações entre Rússia e Ucrânia e Atila #54 ;https://xadrezverbal.com/2022/03/11/xadrez-verbal-podcast-285-negociacoes-entre-russia-e-ucrania-e-atila-54/
Xadrez Verbal Podcast #284 – State of the Union e Ucrânia ;https://xadrezverbal.com/2022/03/05/xadrez-verbal-podcast-284-state-of-the-union-e-ucrania/
Xadrez Verbal Podcast #283 – Rússia invade a Ucrânia ;https://xadrezverbal.com/2022/02/26/xadrez-verbal-podcast-283-russia-invade-a-ucrania/
Xadrez Verbal Podcast #282 –  Olimpíada de inverno, Ucrânia e Atila #52 ;https://xadrezverbal.com/2022/02/12/xadrez-verbal-podcast-282-olimpiada-de-inverno-ucrania-e-atila-52/
Xadrez Verbal Podcast #281 – Abertura Olímpica, giro pela Europa e Atila #51 ;https://xadrezverbal.com/2022/02/05/xadrez-verbal-podcast-281-abertura-olimpica-giro-pela-europa-e-atila-51/
Xadrez Verbal Podcast #280 – Giro pelo Pacífico, pela Europa e Atila #50 ;https://xadrezverbal.com/2022/01/29/xadrez-verbal-podcast-280-giro-pelo-pacifico-pela-europa-e-atila-50/
Xadrez Verbal Podcast #279 – Início de 2022 e Atila #49 ;https://xadrezverbal.com/2022/01/22/xadrez-verbal-podcast-279-inicio-de-2022-e-atila-49/
Xadrez Verbal Podcast #278 – Final de 2021 e Atila #48 ;https://xadrezverbal.com/2021/12/18/xadrez-verbal-podcast-278-final-de-2021-e-atila-48/
Xadrez Verbal Podcast #277 – Ucrânia, bacia do Pacífico e Atila #47 ;https://xadrezverbal.com/2021/12/11/xadrez-verbal-podcast-277-ucrania-bacia-do-pacifico-e-atila-47/
Xadrez Verbal Podcast #276 – Europa, bacia do Pacífico e Atila #46 ;https://xadrezverbal.com/2021/12/04/xadrez-verbal-podcast-276-europa-bacia-do-pacifico-e-atila-46/
Xadrez Verbal Podcast #275 – COP26 com Natalie Unterstell, América Latina e Atila #45 ;https://xadrezverbal.com/2021/11/20/xadrez-verbal-podcast-275-cop26-com-natalie-unterstell-america-latina-e-atila-45/
Xadrez Verbal Podcast #274 – Giro pelo Pacífico, América Latina e Atila #44 ;https://xadrezverbal.com/2021/11/12/xadrez-verbal-podcast-274-giro-pelo-pacifico-america-latina-e-atila-44/
Xadrez Verbal Podcast #273 – Etiópia, giro pelo G20 e Atila #43 ;https://xadrezverbal.com/2021/11/06/xadrez-verbal-podcast-273-etiopia-giro-pelo-g20-e-atila-43/
Xadrez Verbal Podcast #272 – G20, Europa, golpe no Sudão e Atila #42 ;https://xadrezverbal.com/2021/10/30/xadrez-verbal-podcast-272-g20-europa-golpe-no-sudao-e-atila-42/
Xadrez Verbal Podcast #271 – Tchéquia, cortina de fumaça e Atila #41 ;https://xadrezverbal.com/2021/10/23/xadrez-verbal-podcast-271-tchequia-cortina-de-fumaca-e-atila-41/
Xadrez Verbal Podcast #270 – Europa, Taiwan e Pandora Papers ;https://xadrezverbal.com/2021/10/09/xadrez-verbal-podcast-270-europa-taiwan-e-pandora-papers/
Xadrez Verbal Podcast #269 – América Latina, 76ª AGNU e eleições ;https://xadrezverbal.com/2021/10/02/xadrez-verbal-podcast-269-america-latina-76a-agnu-e-eleicoes/
Xadrez Verbal Podcast #268 – 76ª AGNU e eleições pelo mundo ;https://xadrezverbal.com/2021/09/25/xadrez-verbal-podcast-268-76a-agnu-e-eleicoes-pelo-mundo/
Xadrez Verbal Podcast #267 – Guiné, AUKUS e Argentina ;https://xadrezverbal.com/2021/09/18/xadrez-verbal-podcast-267-guine-aukus-e-argentina/
Xadrez Verbal Podcast #266 – Paralimpíada e giro eleitoral ;https://xadrezverbal.com/2021/09/04/xadrez-verbal-podcast-266-paralimpiada-e-giro-eleitoral/
Xadrez Verbal Podcast #265 – Afeganistão, capivaras e Paralimpíada ;https://xadrezverbal.com/2021/08/28/xadrez-verbal-podcast-265-afeganistao-capivaras-e-paralimpiada/
Xadrez Verbal Podcast #264 – Haiti, África e Afeganistão ;https://xadrezverbal.com/2021/08/21/xadrez-verbal-podcast-264-haiti-africa-e-afeganistao/
Xadrez Verbal Podcast #263 – Jogos Olímpicos, África e Afeganistão ;https://xadrezverbal.com/2021/08/14/xadrez-verbal-podcast-263-jogos-olimpicos-africa-e-afeganistao/
Xadrez Verbal Podcast #262 – Tunísia, Peru e Jogos Olímpicos ;https://xadrezverbal.com/2021/07/31/xadrez-verbal-podcast-262-tunisia-peru-e-jogos-olimpicos/
Xadrez Verbal Podcast #261 – Afeganistão, Cuba, Haiti e Europa ;https://xadrezverbal.com/2021/07/17/xadrez-verbal-podcast-261-afeganistao-cuba-haiti-e-europa/
Xadrez Verbal Podcast #260 – Etiópia, Europa e giro pelo Pacífico ;https://xadrezverbal.com/2021/07/03/xadrez-verbal-podcast-260-etiopia-europa-e-giro-pelo-pacifico/
Xadrez Verbal Podcast #259 – África, TPI, G7 e Peru ;https://xadrezverbal.com/2021/06/19/xadrez-verbal-podcast-259-africa-tpi-g7-e-peru/
Xadrez Verbal Podcast #258 – Namíbia, América Latina e Oriente Médio ;https://xadrezverbal.com/2021/06/05/xadrez-verbal-podcast-258-namibia-america-latina-e-oriente-medio/
Xadrez Verbal Podcast #257 – Gaza, Europa, América Latina e Ernesto na CPI ;https://xadrezverbal.com/2021/05/22/xadrez-verbal-podcast-257-gaza-europa-e-ernesto-na-cpi/
Xadrez Verbal Podcast #256 – Seis anos de podcast! ;https://xadrezverbal.com/2021/05/08/xadrez-verbal-podcast-256-seis-anos-de-podcast/
Xadrez Verbal Podcast #255 – Potências, Chade, Peru e Cúpula do Clima ;https://xadrezverbal.com/2021/04/24/xadrez-verbal-podcast-255-potencias-chade-peru-e-cupula-do-clima/
Xadrez Verbal Podcast #254 – Oriente Médio, África e novo chanceler ;https://xadrezverbal.com/2021/04/10/xadrez-verbal-podcast-254-oriente-medio-africa-e-novo-chanceler/
Xadrez Verbal Podcast #253 – Europa, Pacífico e Canal de Suez ;https://xadrezverbal.com/2021/03/27/xadrez-verbal-podcast-253-europa-pacifico-e-canal-de-suez/
Xadrez Verbal Podcast #252 – Paraguai, Europa e Oriente Médio ;https://xadrezverbal.com/2021/03/13/xadrez-verbal-podcast-252-paraguai-europa-e-oriente-medio/
Xadrez Verbal Podcast #251 – Armênia, Oriente Médio e África ;https://xadrezverbal.com/2021/02/27/xadrez-verbal-podcast-251-armenia-oriente-medio-e-africa/
Xadrez Verbal Podcast #250 – Itália, Equador e golpe em Mianmar ;https://xadrezverbal.com/2021/02/13/xadrez-verbal-podcast-250-italia-equador-e-golpe-em-mianmar/
Xadrez Verbal Podcast #249 – Posse de Biden e Davos ;https://xadrezverbal.com/2021/01/30/xadrez-verbal-podcast-249-posse-de-biden-e-davos/
Xadrez Verbal Podcast #248 – 2021 começou daquele jeito ;https://xadrezverbal.com/2021/01/16/xadrez-verbal-podcast-248-2021-comecou-daquele-jeito/
Xadrez Verbal Podcast #247 – Final de 2020! ;https://xadrezverbal.com/2020/12/19/xadrez-verbal-podcast-247-final-de-2020/
Xadrez Verbal Podcast #246 – Europa, África e Oriente Médio ;https://xadrezverbal.com/2020/12/05/xadrez-verbal-podcast-246-europa-africa-e-oriente-medio/
Xadrez Verbal Podcast #245 – Pacífico, EUA e América Latina ;https://xadrezverbal.com/2020/11/28/xadrez-verbal-podcast-245-pacifico-eua-e-america-latina/
Xadrez Verbal Podcast #244 – Eleições, Etiópia e paz no Cáucaso ;https://xadrezverbal.com/2020/11/14/xadrez-verbal-podcast-244-eleicoes-etiopia-e-paz-no-caucaso/
Xadrez Verbal Podcast #243 – África, França e eleições ;https://xadrezverbal.com/2020/10/31/xadrez-verbal-podcast-243-africa-franca-e-eleicoes/
Xadrez Verbal Podcast #242 – Europa, Quirguistão e eleições pelo mundo ;https://xadrezverbal.com/2020/10/17/xadrez-verbal-podcast-242-europa-quirguistao-e-eleicoes-pelo-mundo/
Xadrez Verbal Podcast #241 – 75ª ONU, Europa e Carlos Poggio ;https://xadrezverbal.com/2020/10/03/xadrez-verbal-podcast-241-75a-onu-europa-e-carlos-poggio/
Xadrez Verbal Podcast #240 – Colômbia, Europa e Pacífico ;https://xadrezverbal.com/2020/09/19/xadrez-verbal-podcast-240-colombia-europa-e-pacifico/
Xadrez Verbal Podcast #239 – América Latina, Oriente Médio e Europa ;https://xadrezverbal.com/2020/09/05/xadrez-verbal-podcast-239-america-latina-oriente-medio-e-europa/
Xadrez Verbal Podcast #238 – Mali, África, Belarus e Israel-EAU ;https://xadrezverbal.com/2020/08/22/xadrez-verbal-podcast-238-mali-africa-belarus-e-israel-eau/
Xadrez Verbal Podcast #237 – Beirute, América Latina e TikTok ;https://xadrezverbal.com/2020/08/08/xadrez-verbal-podcast-237-beirute-america-latina-e-tiktok/
Xadrez Verbal Podcast #236 – Cáucaso, orçamento europeu e EUA vs China ;https://xadrezverbal.com/2020/07/25/xadrez-verbal-podcast-236-caucaso-orcamento-europeu-e-eua-vs-china/
Xadrez Verbal Podcast #235 – É tanta coisa… ;https://xadrezverbal.com/2020/07/11/xadrez-verbal-podcast-235-e-tanta-coisa/
Xadrez Verbal Podcast #234 – Ásia, EUA, América Latina e natureza ;https://xadrezverbal.com/2020/06/27/xadrez-verbal-podcast-234-asia-eua-america-latina-e-natureza/
Xadrez Verbal Podcast #233 – Tensão na Ásia, América Latina e EUA ;https://xadrezverbal.com/2020/06/20/xadrez-verbal-podcast-233-tensao-na-asia-america-latina-e-eua/
Xadrez Verbal Podcast #232 – China, Europa e George Floyd ;https://xadrezverbal.com/2020/06/06/xadrez-verbal-podcast-232-china-europa-e-george-floyd/
Xadrez Verbal Podcast #231 – Vizinhança, Oriente Médio e EUA vs China ;https://xadrezverbal.com/2020/05/23/xadrez-verbal-podcast-231-vizinhanca-oriente-medio-e-eua-vs-china/
Xadrez Verbal Podcast #230 – Cinco anos de podcast! ;https://xadrezverbal.com/2020/05/09/xadrez-verbal-podcast-230-cinco-anos-de-podcast/
Xadrez Verbal Podcast #229 – Coreia, Europa e Oriente Médio ;https://xadrezverbal.com/2020/04/25/xadrez-verbal-podcast-229-coreia-europa-e-oriente-medio/
Xadrez Verbal Podcast #228 – Gafanhotos, Europa e América Latina ;https://xadrezverbal.com/2020/04/10/xadrez-verbal-podcast-228-gafanhotos-europa-e-america-latina/
Xadrez Verbal Podcast #227 – Tupá Guerra, Europa e Israel ;https://xadrezverbal.com/2020/03/28/xadrez-verbal-podcast-227-tupa-guerra-europa-e-israel/
Xadrez Verbal Podcast #226 – Ronaldinho, Oriente Médio e coronavírus ;https://xadrezverbal.com/2020/03/14/xadrez-verbal-podcast-226-ronaldinho-oriente-medio-e-coronavirus/
Xadrez Verbal Podcast #225 – Oriente Médio, Europa e rolê aleatório ;https://xadrezverbal.com/2020/03/07/xadrez-verbal-podcast-225-oriente-medio-europa-e-role-aleatorio/
Xadrez Verbal Podcast #224 – América Latina, Índia e Síria ;https://xadrezverbal.com/2020/02/29/xadrez-verbal-podcast-224-america-latina-india-e-siria/
Xadrez Verbal Podcast #223 – África, Europa e crise em Idlib ;https://xadrezverbal.com/2020/02/21/xadrez-verbal-podcast-223-africa-europa-e-crise-em-idlib/
Xadrez Verbal Podcast #322 – América Latina, Europa e Oriente Médio ;https://xadrezverbal.com/2023/01/28/xadrez-verbal-podcast-322-america-latina-europa-e-oriente-medio/
Xadrez Verbal Podcast #123 – Jerusalém, neutralidade na rede e TPI ;https://xadrezverbal.com/2017/12/15/xadrez-verbal-podcast-123-jerusalem-neutralidade-na-rede-e-tpi/
Xadrez Verbal Podcast #122 – Jerusalém, América Latina e Papa ;https://xadrezverbal.com/2017/12/08/xadrez-verbal-podcast-122-jerusalem-america-latina-e-papa/
Xadrez Verbal Podcast #121 – Iugoslávia, América Latina e Coreia do Norte ;https://xadrezverbal.com/2017/12/01/xadrez-verbal-podcast-121-iugoslavia-america-latina-e-coreia-do-norte/
Xadrez Verbal Podcast #120 – COP23, África e América Latina  ;https://xadrezverbal.com/2017/11/24/adrez-verbal-podcast-120-cop23-africa-e-america-latina/
Xadrez Verbal Podcast #119 – Oriente Médio, EUA e Zimbábue ;https://xadrezverbal.com/2017/11/17/xadrez-verbal-podcast-119-oriente-medio-eua-e-zimbabue/
Xadrez Verbal Podcast #118 – EUA, Oriente Médio e Paradise Papers ;https://xadrezverbal.com/2017/11/10/xadrez-verbal-podcast-118-eua-oriente-medio-e-paradise-papers/
Xadrez Verbal Podcast #117 – China, Catalunha, EUA e Curdistão ;https://xadrezverbal.com/2017/11/03/xadrez-verbal-podcast-117-china-catalunha-eua-e-curdistao/
Xadrez Verbal Podcast #116 – Somália, Venezuela e energia limpa ;https://xadrezverbal.com/2017/10/20/xadrez-verbal-podcast-116-somalia-venezuela-e-energia-limpa/
Xadrez Verbal Podcast #115 – EUA, caso Battisti e Catalunha ;https://xadrezverbal.com/2017/10/13/xadrez-verbal-podcast-115-eua-caso-battisti-e-catalunha/
Xadrez Verbal Podcast #114 – EUA, Catalunha e América Latina ;https://xadrezverbal.com/2017/10/06/xadrez-verbal-podcast-114-eua-catalunha-e-america-latina/
Podcast Prorrogação #03 – 72ª Assembleia Geral da ONU ;https://xadrezverbal.com/2017/10/05/podcast-prorrogacao-03-72a-assembleia-geral-da-onu/
Xadrez Verbal Podcast #113 – EUA, Curdistão e eleições na Alemanha ;https://xadrezverbal.com/2017/09/29/xadrez-verbal-podcast-113-eua-curdistao-e-eleicoes-na-alemanha/
Xadrez Verbal Podcast #112 – ONU 2017 e Catalunha ;https://xadrezverbal.com/2017/09/22/xadrez-verbal-podcast-112-onu-2017-e-catalunha/
Xadrez Verbal Podcast #111 – Mianmar, América Latina e testes militares ;https://xadrezverbal.com/2017/09/15/xadrez-verbal-podcast-111-mianmar-america-latina-e-testes-militares/
Xadrez Verbal Podcast #110 – BRICS, furacão Irma e América Latina ;https://xadrezverbal.com/2017/09/08/xadrez-verbal-podcast-110-brics-furacao-irma-e-america-latina/
Xadrez Verbal Podcast #109 – Desastres, Coreia do Norte e Angola ;https://xadrezverbal.com/2017/09/01/xadrez-verbal-podcast-109-desastres-coreia-do-norte-e-angola/
Xadrez Verbal Podcast #108 – Venezuela, Brasil e Oriente Médio ;https://xadrezverbal.com/2017/08/25/xadrez-verbal-podcast-108-venezuela-brasil-e-oriente-medio/
Xadrez Verbal Podcast #107 – África, Venezuela e Charlottesville ;https://xadrezverbal.com/2017/08/18/xadrez-verbal-podcast-107-africa-venezuela-e-charlottesville/
Xadrez Verbal Podcast #106 – Venezuela, EUA e povo mapuche ;https://xadrezverbal.com/2017/08/11/xadrez-verbal-podcast-106-venezuela-eua-e-povo-mapuche/
Xadrez Verbal Podcast #105 – China na África, EUA e Venezuela ;https://xadrezverbal.com/2017/08/04/xadrez-verbal-podcast-105-china-na-africa-eua-e-venezuela/
Xadrez Verbal Podcast #104 – América Latina, EUA e Jerusalém ;https://xadrezverbal.com/2017/07/28/xadrez-verbal-podcast-104-america-latina-eua-e-jerusalem/
Xadrez Verbal Podcast #103 – G-20, América Latina e Iraque ;https://xadrezverbal.com/2017/07/14/xadrez-verbal-podcast-103-g-20-america-latina-e-iraque/
Xadrez Verbal Podcast #102 – G-20, América Latina e relações Rússia-China ;https://xadrezverbal.com/2017/07/07/xadrez-verbal-podcast-102-g-20-america-latina-e-relacoes-russia-china/
Xadrez Verbal Podcast #101 – Srebrenica, Trump, Brasil e América Latina ;https://xadrezverbal.com/2017/06/30/xadrez-verbal-podcast-101-srebrenica-trump-brasil-e-america-latina/
Xadrez Verbal Podcast #100 – Brasil, Europa e América Latina ;https://xadrezverbal.com/2017/06/23/xadrez-verbal-podcast-100-brasil-europa-e-america-latina/
Xadrez Verbal Podcast #99 – Porto Rico, EUA e Oriente Médio ;https://xadrezverbal.com/2017/06/16/xadrez-verbal-podcast-99-porto-rico-eua-e-oriente-medio/
Xadrez Verbal Podcast #98 – Reino Unido, Trump e crise do Qatar ;https://xadrezverbal.com/2017/06/09/xadrez-verbal-podcast-98-reino-unido-trump-e-crise-do-qatar/
Xadrez Verbal Podcast #97 – Acordo do Clima, Brasil e a nova rota chinesa ;https://xadrezverbal.com/2017/06/02/xadrez-verbal-podcast-97-acordo-do-clima-brasil-e-a-nova-rota-chinesa/
Xadrez Verbal Podcast #96 – Eleição no Irã, Trump e Venezuela ;https://xadrezverbal.com/2017/05/26/xadrez-verbal-podcast-96-eleicao-no-ira-trump-e-venezuela/
Podcast Prorrogação #02 – Brasil na Revisão Periódica Universal ;https://xadrezverbal.com/2017/05/18/podcast-prorrogacao-02-brasil-na-revisao-periodica-universal/
Xadrez Verbal Podcast #95 – Fim do Obamacare, Europa e demissão no FBI ;https://xadrezverbal.com/2017/05/12/xadrez-verbal-podcast-95-fim-do-obamacare-europa-e-demissao-no-fbi/
Xadrez Verbal Podcast #94 – Carta do Hamas, França e Venezuela ;https://xadrezverbal.com/2017/05/05/xadrez-verbal-podcast-94-carta-do-hamas-franca-e-venezuela/
Xadrez Verbal Podcast #93 – Eleição na França, Europa e Venezuela na OEA ;https://xadrezverbal.com/2017/04/29/xadrez-verbal-podcast-93-eleicao-na-franca-europa-e-venezuela-na-oea/
Podcast Prorrogação #01 – Nova Lei de Imigração e leitura comentada ;https://xadrezverbal.com/2017/04/23/podcast-prorrogacao-01-nova-lei-de-imigracao-e-leitura-comentada/
Xadrez Verbal Podcast #92 – Theresa May, Turquia e Lei de Imigração ;https://xadrezverbal.com/2017/04/21/xadrez-verbal-podcast-92-theresa-may-turquia-e-lei-de-imigracao/
Xadrez Verbal Podcast #91 – Coreia do Norte e ETA ;https://xadrezverbal.com/2017/04/14/xadrez-verbal-podcast-91-coreia-do-norte-e-eta/
Xadrez Verbal Podcast #90 – Armas químicas, América Latina e Rússia ;https://xadrezverbal.com/2017/04/07/xadrez-verbal-podcast-90-armas-quimicas-america-latina-e-russia/
Xadrez Verbal Podcast #89 – Guiana Francesa, Venezuela e Trump ;https://xadrezverbal.com/2017/03/31/xadrez-verbal-podcast-89-guiana-francesa-venezuela-e-trump/
Xadrez Verbal Podcast #88 – Carne Fraca, América Latina e Islã britânico ;https://xadrezverbal.com/2017/03/24/xadrez-verbal-podcast-88-carne-fraca-america-latina-e-isla-britanico/
Xadrez Verbal Podcast #87 – EUA, Países Baixos e relação com a Turquia ;https://xadrezverbal.com/2017/03/17/xadrez-verbal-podcast-87-eua-paises-baixos-e-relacao-com-a-turquia/
Xadrez Verbal Podcast #86 – Malásia, Europa e posse de Aloysio Nunes ;https://xadrezverbal.com/2017/03/10/xadrez-verbal-podcast-86-malasia-europa-e-posse-de-aloysio-nunes/
Xadrez Verbal Podcast #85 – Aloysio Nunes, Síria e Trump no Congresso ;https://xadrezverbal.com/2017/03/03/xadrez-verbal-podcast-85-aloysio-nunes-siria-e-trump-no-congresso/
Xadrez Verbal Podcast #84 – Serra renuncia, Europa e América Latina ;https://xadrezverbal.com/2017/02/24/xadrez-verbal-podcast-84-serra-renuncia-europa-e-america-latina/
Xadrez Verbal Podcast #83 – Michael Flynn, Venezuela e Dois Estados ;https://xadrezverbal.com/2017/02/17/xadrez-verbal-podcast-83-michael-flynn-venezuela-e-dois-estados/
Xadrez Verbal Podcast #82 – América Latina, França e Oriente Médio ;https://xadrezverbal.com/2017/02/10/xadrez-verbal-podcast-82-america-latina-franca-e-oriente-medio/
Xadrez Verbal Podcast #81 – Imigrantes e América Latina ;https://xadrezverbal.com/2017/02/03/xadrez-verbal-podcast-81-imigrantes-e-america-latina/
Xadrez Verbal Podcast #80 – Trump e Europa ;https://xadrezverbal.com/2017/01/27/xadrez-verbal-podcast-80-trump-e-europa/
Xadrez Verbal Podcast #79 – Palestina, Gâmbia e Trump ;https://xadrezverbal.com/2017/01/20/xadrez-verbal-podcast-79-palestina-gambia-e-trump/
Xadrez Verbal Podcast #78 – Início de 2017 ;https://xadrezverbal.com/2017/01/13/xadrez-verbal-podcast-78-inicio-de-2017/
Xadrez Verbal Podcast #77 – Venezuela, terrorismo e Aleppo ;https://xadrezverbal.com/2016/12/16/xadrez-verbal-podcast-77-venezuela-terrorismo-e-aleppo/
Xadrez Verbal Podcast #76 – Itália, República Centro-Africana e Europa ;https://xadrezverbal.com/2016/12/09/xadrez-verbal-podcast-76-italia-republica-centro-africana-e-europa/
Xadrez Verbal Podcast #75 – Fidel Castro, Síria e Convenção de Chicago ;https://xadrezverbal.com/2016/12/02/xadrez-verbal-podcast-75-fidel-castro-siria-e-convencao-de-chicago/
Xadrez Verbal Podcast #74 – Karbala, eleições na França e recontagem ;https://xadrezverbal.com/2016/11/25/xadrez-verbal-podcast-74-karbala-eleicoes-na-franca-e-recontagem/
Xadrez Verbal Podcast #73 – Novo acordo com as FARC e efeito Trump ;https://xadrezverbal.com/2016/11/18/xadrez-verbal-podcast-73-novo-acordo-com-as-farc-e-efeito-trump/
Xadrez Verbal Podcast #72 – Donald Trump eleito presidente dos EUA ;https://xadrezverbal.com/2016/11/11/xadrez-verbal-podcast-72-donald-trump-eleito-presidente-dos-eua/
Xadrez Verbal Podcast #71 – Coreia do Sul, TPI e plebiscitos ;https://xadrezverbal.com/2016/11/04/xadrez-verbal-podcast-71-coreia-do-sul-tpi-e-plebiscitos/
Xadrez Verbal Podcast #70 – Oriente Médio, Filipinas e Venezuela ;https://xadrezverbal.com/2016/10/28/xadrez-verbal-podcast-70-oriente-medio-filipinas-e-venezuela/
Xadrez Verbal Podcast #69 – Oriente Médio, Filipinas, Brasil e BRICS ;https://xadrezverbal.com/2016/10/21/xadrez-verbal-podcast-69-oriente-medio-filipinas-brasil-e-brics/
Xadrez Verbal Podcast #68 – Haiti, Iêmen e tensões entre Rússia e EUA ;https://xadrezverbal.com/2016/10/14/xadrez-verbal-podcast-68-haiti-iemen-e-tensoes-entre-russia-e-eua/
Xadrez Verbal Podcast #67 – Europa, Antonio Guterres e Não na Colômbia ;https://xadrezverbal.com/2016/10/07/xadrez-verbal-podcast-67-europa-antonio-guterres-e-nao-na-colombia/
Xadrez Verbal Podcast #66 – Shimon Peres, FARC e veto de Obama ;https://xadrezverbal.com/2016/09/30/xadrez-verbal-podcast-66-shimon-peres-farc-e-veto-de-obama/
Xadrez Verbal Podcast #65 – 71ª Assembleia Geral da ONU e Assad ;https://xadrezverbal.com/2016/09/23/xadrez-verbal-podcast-65-71a-assembleia-geral-da-onu-e-assad/
Xadrez Verbal Podcast #64 – Paralimpíadas, Paz na Síria e MERCOSUL ;https://xadrezverbal.com/2016/09/16/xadrez-verbal-podcast-64-paralimpiadas-paz-na-siria-e-mercosul/
Xadrez Verbal Podcast #63 – Vivian Almeida, G-20 e Paralimpíada ;https://xadrezverbal.com/2016/09/09/xadrez-verbal-podcast-63-vivian-almeida-g-20-e-paralimpiada/
Xadrez Verbal Podcast #62 – Brasil, Trump no México e América Latina ;https://xadrezverbal.com/2016/09/02/xadrez-verbal-podcast-62-brasil-trump-no-mexico-e-america-latina/
Xadrez Verbal Podcast #61 – Burquíni, Olimpíada, Colômbia e FARC ;https://xadrezverbal.com/2016/08/26/xadrez-verbal-podcast-61-burquini-olimpiada-colombia-e-farc/
Xadrez Verbal Podcast #60 – MERCOSUL, Olimpíada e Iêmen ;https://xadrezverbal.com/2016/08/19/xadrez-verbal-podcast-60-mercosul-olimpiada-e-iemen/
Xadrez Verbal Podcast #59 – Ucrânia, Olimpíada, Putin e Turquia ;https://xadrezverbal.com/2016/08/12/xadrez-verbal-podcast-59-ucrania-olimpiada-putin-e-turquia/
Xadrez Verbal Podcast #58 – Olimpíada, Nicarágua, Lula e Moro ;https://xadrezverbal.com/2016/08/05/xadrez-verbal-podcast-58-olimpiada-nicaragua-lula-e-moro/
Xadrez Verbal Podcast #57 – Terrorismo, Hillary Clinton e Turquia  ;https://xadrezverbal.com/2016/07/29/xadrez-verbal-podcast-57-terrorismo-hillary-clinton-e-turquia/
Xadrez Verbal Podcast #56 – Golpe na Turquia, Trump e Alemanha ;https://xadrezverbal.com/2016/07/22/xadrez-verbal-podcast-56-golpe-na-turquia-trump-e-alemanha/
Xadrez Verbal Podcast #55 – Terrorismo em Nice, Argentina e Theresa May ;https://xadrezverbal.com/2016/07/15/xadrez-verbal-podcast-55-terrorismo-em-nice-argentina-e-theresa-may/
Xadrez Verbal Podcast #54 – Relatório Chilcot, Medina e América Latina ;https://xadrezverbal.com/2016/07/08/xadrez-verbal-podcast-54-relatorio-chilcot-medina-e-america-latina/
Xadrez Verbal Podcast #53 – Atentado em Istambul, Brexit e MERCOSUL ;https://xadrezverbal.com/2016/07/01/xadrez-verbal-podcast-53-atentado-em-istambul-brexit-e-mercosul/
Xadrez Verbal Podcast #52 – Brexit, Colômbia e Venezuela ;https://xadrezverbal.com/2016/06/24/xadrez-verbal-podcast-52-brexit-colombia-e-venezuela/
Xadrez Verbal Podcast #51 – PPK eleito, Venezuela e Itamaraty ;https://xadrezverbal.com/2016/06/17/xadrez-verbal-podcast-51-ppk-eleito-venezuela-e-itamaraty/
Xadrez Verbal Podcast #50 – Política em Israel e Genocídio armênio ;https://xadrezverbal.com/2016/06/04/xadrez-verbal-podcast-50-politica-em-israel-e-genocidio-armenio/
Xadrez Verbal Podcast #49 – Maduro “ditadorzinho” e Serra chanceler ;https://xadrezverbal.com/2016/05/20/xadrez-verbal-podcast-49-maduro-ditadorzinho-e-serra-chanceler/
Xadrez Verbal Podcast #48 – Serra chanceler, aniversário, Israel e EUA ;https://xadrezverbal.com/2016/05/13/xadrez-verbal-podcast-48-serra-chanceler-aniversario-israel-e-eua/
Xadrez Verbal Podcast #47 – Matias Spektor, Donald Trump e Turquia ;https://xadrezverbal.com/2016/05/06/xadrez-verbal-podcast-47-matias-spektor-donad-trump-e-turquia/
Xadrez Verbal Podcast #46 – Ana Luisa Demoraes, Brasil e Oriente Médio ;https://xadrezverbal.com/2016/04/29/xadrez-verbal-podcast-46-ana-luisa-demoraes-brasil-e-oriente-medio/
Xadrez Verbal Podcast #45 – Alexander Stahlhoefer, impeachment e Equador ;https://xadrezverbal.com/2016/04/20/xadrez-verbal-podcast-45-alexander-stahlhoefer-impeachment-e-equador/
Xadrez Verbal Podcast #44 – Eleições no Peru, Panama Papers e refugiados ;https://xadrezverbal.com/2016/04/15/xadrez-verbal-podcast-44-eleicoes-no-peru-panama-papers-e-refugiados/
Xadrez Verbal Podcast #43 – Daniel Sousa, Panama Papers e Cáucaso ;https://xadrezverbal.com/2016/04/08/xadrez-verbal-podcast-43-daniel-sousa-panama-papers-e-caucaso/
Xadrez Verbal Podcast #42 – Tanguy Baghdadi, Palmira e América Latina ;https://xadrezverbal.com/2016/04/01/xadrez-verbal-podcast-42-tanguy-baghdadi-palmira-e-america-latina/
Xadrez Verbal Podcast #41 – Ariel Palacios, Brasil e atentados na Bélgica ;https://xadrezverbal.com/2016/03/25/xadrez-verbal-podcast-41-ariel-palacios-brasil-e-atentados-na-belgica/
Xadrez Verbal Podcast #40 – Felipe Altschuller, Alemanha e Síria ;https://xadrezverbal.com/2016/03/18/xadrez-verbal-podcast-40-felipe-altschuller-alemanha-e-siria/
Xadrez Verbal Podcast #39 – Regina Madalozzo, mísseis e Turquia ;https://xadrezverbal.com/2016/03/11/xadrez-verbal-podcast-39-regina-madalozzo-misseis-e-turquia/
Xadrez Verbal Podcast #38 – Alexandre Vidal Porto, eleições nos EUA e Irã ;https://xadrezverbal.com/2016/03/04/xadrez-verbal-podcast-38-alexandre-vidal-porto-eleicoes-nos-eua-e-ira/
Xadrez Verbal Podcast #37 – Referendo na Bolívia, Corte dos EUA e Síria ;https://xadrezverbal.com/2016/02/26/xadrez-verbal-podcast-37-referendo-na-bolivia-corte-dos-eua-e-siria/
Recados especiais, Menino Neymar e Peões do podcast do apagão ;https://xadrezverbal.com/2016/02/22/recados-especiais-menino-neymar-e-peoes-do-podcast-do-apagao/
Xadrez Verbal Podcast #36 – Paz na Síria, Brasil e Coreias ;https://xadrezverbal.com/2016/02/12/xadrez-verbal-podcast-36-paz-na-siria-brasil-e-coreias/
Xadrez Verbal Podcast #35 – Boko Haram, Haiti e Síria ;https://xadrezverbal.com/2016/02/05/xadrez-verbal-podcast-35-boko-haram-haiti-e-siria/
Xadrez Verbal Podcast #34 – Refugiados, Irã e Economia em 2016 ;https://xadrezverbal.com/2016/01/29/xadrez-verbal-podcast-34-refugiados-ira-e-economia-em-2016/
Xadrez Verbal Podcast #33 – Guga Chacra, Irã e Macri e as Malvinas ;https://xadrezverbal.com/2016/01/22/xadrez-verbal-podcast-33-guga-chacra-ira-e-macri-e-as-malvinas/
Xadrez Verbal Podcast #32 – Refugiados na Alemanha e despedida do Obama ;https://xadrezverbal.com/2016/01/15/xadrez-verbal-podcast-32-refugiados-na-alemanha-e-despedida-do-obama/
Xadrez Verbal Podcast #31 – Início de 2016, Coreia e Oriente Médio ;https://xadrezverbal.com/2016/01/08/xadrez-verbal-podcast-31-inicio-de-2016-coreia-e-oriente-medio/
Xadrez Verbal Podcast #30 – Acordo de Paris e Arábia Saudita ;https://xadrezverbal.com/2015/12/18/xadrez-verbal-podcast-30-acordo-de-paris-e-arabia-saudita/
Xadrez Verbal Podcast #29 – Eleições na Venezuela e Oriente Médio ;https://xadrezverbal.com/2015/12/11/xadrez-verbal-podcast-29-eleicoes-na-venezuela-e-oriente-medio/
Xadrez Verbal Podcast #322 – América Latina, Europa e Oriente Médio ;https://xadrezverbal.com/2023/01/28/xadrez-verbal-podcast-322-america-latina-europa-e-oriente-medio/
Xadrez Verbal Podcast #223 – África, Europa e crise em Idlib ;https://xadrezverbal.com/2020/02/21/xadrez-verbal-podcast-223-africa-europa-e-crise-em-idlib/
Xadrez Verbal Podcast #28 – Brasil e Argentina, Erdogan e Rosa Parks ;https://xadrezverbal.com/2015/12/04/xadrez-verbal-podcast-28-brasil-e-argentina-erdogan-e-rosa-parks/
Xadrez Verbal Podcast #27 – Macri, COP21 e avião russo na Turquia ;https://xadrezverbal.com/2015/11/27/xadrez-verbal-podcast-27-macri-cop21-e-aviao-russo-na-turquia/
Xadrez Verbal Podcast #26 – Atentados em Paris e o Estado Islâmico ;https://xadrezverbal.com/2015/11/18/xadrez-verbal-podcast-26-atentados-em-paris-e-o-estado-islamico/
Xadrez Verbal Podcast #25 – Catalunha e Reino Unido, ASPA, Turquia e G-20 ;https://xadrezverbal.com/2015/11/13/xadrez-verbal-podcast-25-catalunha-e-reino-unido-aspa-turquia-e-g-20/
Xadrez Verbal Podcast #24 – Avião russo no Sinai, Síria e Pacífico ;https://xadrezverbal.com/2015/11/06/xadrez-verbal-podcast-24-aviao-russo-no-sinai-siria-e-pacifico/
Xadrez Verbal Podcast #23 – Argentina, China e o príncipe japonês ;https://xadrezverbal.com/2015/10/30/xadrez-verbal-podcast-23-argentina-china-e-o-principe-japones/
Xadrez Verbal Podcast #22 – Brasil e sua defesa, Canadá e Netanyahu ;https://xadrezverbal.com/2015/10/23/xadrez-verbal-podcast-22-brasil-e-sua-defesa-canada-e-netanyahu/
Xadrez Verbal Podcast #21 – Atentados na Turquia, Afeganistão e Ucrânia ;https://xadrezverbal.com/2015/10/16/xadrez-verbal-podcast-21-atentados-na-turquia-afeganistao-e-ucrania/
Xadrez Verbal Podcast #20 – Síria, conflito religioso, Brasil e Bolívia ;https://xadrezverbal.com/2015/10/09/xadrez-verbal-podcast-20-siria-conflito-religioso-brasil-e-bolivia/
Xadrez Verbal Podcast #19 – Assembleia Geral e 70 anos da ONU ;https://xadrezverbal.com/2015/10/02/xadrez-verbal-podcast-19-assembleia-geral-e-70-anos-da-onu/
Xadrez Verbal Podcast #18 – Papa, Colômbia, refugiados e Forints ;https://xadrezverbal.com/2015/09/25/xadrez-verbal-podcast-18-papa-colombia-refugiados-e-florints/
Xadrez Verbal Podcast #17 – Relógio do Ahmed, Japão e Jerusalém ;https://xadrezverbal.com/2015/09/18/xadrez-verbal-podcast-17-relogio-do-ahmed-japao-e-jerusalem/
Xadrez Verbal Podcast #16 – Reino Unido, ONU, Síria e Rússia ;https://xadrezverbal.com/2015/09/11/xadrez-verbal-podcast-16-reino-unido-onu-siria-e-russia/
Xadrez Verbal Podcast #15 – Colômbia-Venezuela, China e Guatemala ;https://xadrezverbal.com/2015/09/04/xadrez-verbal-podcast-15-colombia-venezuela-china-e-guatemala/
Xadrez Verbal Podcast #14 – Definição de refugiado, Líbano e Japão ;https://xadrezverbal.com/2015/08/28/xadrez-verbal-podcast-14-definicao-de-refugiado-libano-e-japao/
Xadrez Verbal Podcast #13 – Renúncia grega, Dilma e Merkel e imigração ;https://xadrezverbal.com/2015/08/21/xadrez-verbal-podcast-13-renuncia-grega-dilma-e-merkel-e-imigracao/
Xadrez Verbal Podcast #12 – Arqueologia, diplomatas, Turquia e curdos ;https://xadrezverbal.com/2015/08/14/xadrez-verbal-podcast-12-arqueologia-diplomatas-turquia-e-curdos/
Xadrez Verbal Podcast #11 – Eleições na Venezuela, ONU e Egito ;https://xadrezverbal.com/2015/08/07/xadrez-verbal-podcast-11-eleicoes-na-venezuela-onu-e-egito/
Música e o Xadrez Verbal – Respondendo perguntas ;https://xadrezverbal.com/2015/08/06/musica-e-o-xadrez-verbal-respondendo-perguntas/
Xadrez Verbal Podcast #10 – Leão Cecil, Israel, África e curdos ;https://xadrezverbal.com/2015/07/31/xadrez-verbal-podcast-10-leao-cecil-israel-africa-e-curdos/
Xadrez Verbal Podcast #9 – África, Cuba, EUA e Euro ;https://xadrezverbal.com/2015/07/24/xadrez-verbal-podcast-9-africa-cuba-eua-e-euro/
Xadrez Verbal Podcast #8 – Irã nuclear, BRICS e Grécia ;https://xadrezverbal.com/2015/07/17/xadrez-verbal-podcast-8-ira-nuclear-brics-e-grecia/
Xadrez Verbal Podcast #7 – Grécia, LGBT e Moçambique ;https://xadrezverbal.com/2015/07/03/xadrez-verbal-podcast-7-grecia-lgbt-e-mocambique/
Xadrez Verbal Podcast #6 – Dilma, terrorismo e intolerância ;https://xadrezverbal.com/2015/06/26/xadrez-verbal-podcast-6-dilma-terrorismo-e-intolerancia/
Xadrez Verbal Podcast #5 – Jerusalém, Armênia e G7 ;https://xadrezverbal.com/2015/06/12/xadrez-verbal-podcast-5-jerusalem-armenia-e-g7/
Xadrez Verbal Podcast #4 – A semana na política internacional ;https://xadrezverbal.com/2015/05/29/xadrez-verbal-podcast-4-a-semana-na-politica-internacional/
Xadrez Verbal Podcast #3 – A semana na política internacional ;https://xadrezverbal.com/2015/05/22/xadrez-verbal-podcast-3-a-semana-na-politica-internacional/
Xadrez Verbal Podcast #2 – A semana na política internacional ;https://xadrezverbal.com/2015/05/15/xadrez-verbal-podcast-2-a-semana-na-politica-internacional/
Xadrez Verbal Podcast #1 – A semana na política internacional ;https://xadrezverbal.com/2015/05/08/xadrez-verbal-podcast-1-a-semana-na-politica-internacional/
